{
  "coverage": 86.08349900596421,
  "vocab": 2516,
  "results": [
    {
      "name": "E0 baseline (scratch emb, LSTM)",
      "acc": 0.8929248262792167,
      "macroF1": 0.75981919560933,
      "neutralF1": 0.4451219512195122,
      "time": 326.5837574005127
    },
    {
      "name": "E1 PhoW2V frozen + BiLSTM",
      "acc": 0.8723941882501579,
      "macroF1": 0.7051576467694618,
      "neutralF1": 0.3253968253968254,
      "time": 323.6826705932617
    },
    {
      "name": "E2 PhoW2V finetune + BiLSTM",
      "acc": 0.8992419456727733,
      "macroF1": 0.7535937681411818,
      "neutralF1": 0.421455938697318,
      "time": 353.68908309936523
    },
    {
      "name": "E3 PhoW2V finetune + LSTM (paper-style)",
      "acc": 0.8878711307643714,
      "macroF1": 0.7601160540125691,
      "neutralF1": 0.4473007712082262,
      "time": 343.37083411216736
    }
  ]
}